{
  "server.py": 1777670737.8697257,
  "install.ps1": 1777657658.0093403,
  "tests/test_version.py": 1777452701.6411684,
  "tests/test_patch_bundle_workflow.py": 1777670898.2209752,
  "tests/test_safety.py": 1777163972.2662773,
  "tests/test_session_supervisor.py": 1777671972.8933399,
  "tests/test_refactored_helpers.py": 1777493226.1919422,
  "tests/test_handoffs.py": 1777475004.7555072,
  "tests/test_action_bundle_atomic.py": 1777493226.1909492,
  "tests/test_stage_wait_wrappers.py": 1777670847.898232,
  "tests/test_update_version_info.py": 1777819487.1054583,
  "tests/test_approval_modes.py": 1777430675.134439,
  "tests/test_runtime_storage.py": 1777664015.440969,
  "tests/test_duplicate_bundle_approval_ui.py": 1777485914.134698,
  "tests/test_cli.py": 1777668704.7391884,
  "tests/test_bundle_watcher.py": 1777490165.2999086,
  "tests/test_review_ui_helpers.py": 1777672686.3095083,
  "terminal_bridge/review_layout.py": 1777655427.5994406,
  "terminal_bridge/review_intents.py": 1777492662.039547,
  "terminal_bridge/backups.py": 1777208577.1412532,
  "terminal_bridge/tasks.py": 1777205993.989417,
  "terminal_bridge/config.py": 1777659342.9773164,
  "terminal_bridge/version.py": 1777452665.7917273,
  "terminal_bridge/bundle_watcher.py": 1777490155.4166992,
  "terminal_bridge/models.py": 1777474882.2692664,
  "terminal_bridge/bundles.py": 1777474851.628429,
  "terminal_bridge/bundle_serialization.py": 1777261430.020832,
  "terminal_bridge/runtime_storage.py": 1777663875.4375756,
  "terminal_bridge/__init__.py": 1777201420.8919396,
  "terminal_bridge/approval_modes.py": 1777430663.5959363,
  "terminal_bridge/mcp_runtime.py": 1777490857.9540637,
  "terminal_bridge/operations.py": 1777207205.9288332,
  "terminal_bridge/trash.py": 1777209173.294409,
  "terminal_bridge/patches.py": 1777205248.9334414,
  "terminal_bridge/session_supervisor.py": 1777816769.5137243,
  "terminal_bridge/cli.py": 1777816813.4582603,
  "terminal_bridge/setup_ui.py": 1777721489.3348858,
  "terminal_bridge/storage.py": 1777202602.1709833,
  "terminal_bridge/payloads.py": 1777202617.9231057,
  "terminal_bridge/safety.py": 1777367367.0478394,
  "terminal_bridge/handoffs.py": 1777474831.0913844,
  "terminal_bridge/browsing.py": 1777210721.90784,
  "terminal_bridge/tool_calls.py": 1777466297.2033293,
  "terminal_bridge/commands.py": 1777493170.8039439,
  "terminal_bridge/review_notifications.py": 1777658117.479871,
  "scripts/command_bundle_runner.py": 1777493256.3508885,
  "scripts/focus_review_url.py": 1777292841.409829,
  "scripts/command_bundle_review_server.py": 1777672387.0852385,
  "scripts/dev_session.ps1": 1777656871.689966,
  "scripts/command_bundle_watcher.py": 1777657993.2245243,
  "scripts/update_version_info.py": 1777817041.2128496,
  "scripts/smoke_check.py": 1777670746.9804823,
  "CHANGELOG.md": 1777671032.1106057,
  "README.md": 1777818144.3363745,
  "CONTRIBUTING.md": 1777372824.173459,
  "README.ko.md": 1778054649.107972,
  "SECURITY.md": 1777657794.8500175,
  "docs/project/phase-7-plan.md": 1777673900.011198,
  "docs/project/development-workflow.md": 1777673739.0683916,
  "docs/project/update-info.md": 1777817059.3266616,
  "docs/project/phase-6-release-checklist.md": 1777356949.2533484,
  "docs/ko/troubleshooting.md": 1777715411.6216838,
  "docs/ko/quickstart.md": 1777816922.0396256,
  "docs/ko/workflow.md": 1777670934.4924338,
  "docs/ko/chatgpt-app-setup.md": 1777715382.6899228,
  "docs/ko/chatgpt-agent-usage.md": 1777673667.9959412,
  "docs/ko/local-session.md": 1777816980.9355474,
  "docs/ko/pending-review-ui.md": 1777716458.7286732,
  "docs/en/troubleshooting.md": 1777715404.014279,
  "docs/en/quickstart.md": 1777816876.85798,
  "docs/en/workflow.md": 1777670919.3701072,
  "docs/en/chatgpt-app-setup.md": 1777715373.5733576,
  "docs/en/chatgpt-agent-usage.md": 1777673473.9197881,
  "docs/en/local-session.md": 1777816940.179503,
  "docs/en/pending-review-ui.md": 1777715390.293835,
  "data/mcp_upgrade_plan.txt": 1777152587.8017032,
  "docs/project/pending-review-ui.png": 1777712200.0708904,
  "docs/project/chatgpt-new-app-setup.png": 1777711175.1739855,
  "assets/brand/ouroboros-by-KwakWooJae.png": 1776873456.8146827
}